url,description,keywords,textblock
/timezone/Saluda/34.0015232/-81.77205219999999/America/New_York,Placeholder,Placeholder,"Placeholder
"
/timezone/Toronto/43.653226/-79.3831843/America/Toronto,"Current local time in Toronto, Ontario, Canada. Get Toronto's time, date, weather, timezone, sunrise, and sunset. Compare Toronto's time with other cities.","Current local time in Toronto, Ontario, Canada. Get Toronto's time, date, weather, timezone, sunrise, and sunset. Compare Toronto's time with other cities.","<style>.ft55{font: 37px 'Arial';line-height: 11px;}
.ft56{font: 27px 'Arial';color: #4a4a4a;line-height: 32px;}
.ft57{font: 26px 'Arial';color: #4a4a4a;line-height: 31px;}
.ft58{font: 25px 'Arial';color: #4a4a4a;line-height: 28px;}
.ft59{font: 25px 'Arial';line-height: 47px;}
.ft60{font: 37px 'Arial';line-height: 42px;}
.ft61{font: bold 25px 'Arial';line-height: 47px;}
.ft62{font: italic 25px 'Arial';line-height: 47px;}
.ft63{font: 29px 'Arial';line-height: 33px;}
.ft64{font: 25px 'Arial';margin-left: 18px;line-height: 6px;}
.ft65{font: 25px 'Arial';line-height: 35px;}.p60{text-align: left;padding-left: 35px;margin-bottom: 0px;}
.p61{text-align: left;padding-left: 39px;padding-right: 201px;margin-top: 43px;margin-bottom: 0px;}
.p62{text-align: left;padding-left: 35px;margin-top: 56px;margin-bottom: 0px;}
.p63{text-align: left;padding-left: 39px;padding-right: 201px;margin-top: 15px;margin-bottom: 0px;}
.p64{text-align: left;padding-left: 39px;margin-top: 29px;margin-bottom: 0px;}
.p65{text-align: left;padding-left: 39px;margin-top: 18px;margin-bottom: 0px;}
.p66{text-align: left;padding-left: 39px;margin-top: 19px;margin-bottom: 0px;}</style><P class=""""p60 ft55"""">Typography HTML Block Sample</P>
<P class=""""p61 ft59"""">Sweet roll I love marshmallow danish donut sweet roll. Chocolate candy I love lemon drops. Cupcake ipsum dolor sit amet chupa chups. Croissant souf&#x0FB02;&#x000E9; bear claw chocolate cake.</P>
<P class=""""p62 ft60"""">H2 Heading</P>
<P class=""""p63 ft59"""">Sweet roll I love <SPAN class=""""ft61""""><b>marshmallow </b></SPAN>danish donut sweet roll. <SPAN class=""""ft62""""><b>Chocolate </b> </SPAN>candy I love lemon drops. Cupcake ipsum dolor sit amet chupa chups. Croissant souf&#x0FB02;&#x000E9; bear claw chocolate cake.</P>
<P class=""""p64 ft65""""><SPAN class=""""ft63"""">1.</SPAN><SPAN class=""""ft64"""">Muffin jelly donut. Muffin brownie bear claw Muffin.</SPAN></P>
<P class=""""p65 ft65""""><SPAN class=""""ft63"""">2.</SPAN><SPAN class=""""ft64"""">Muffin jelly donut. Muffin brownie bear claw muffin.</SPAN></P>
<P class=""""p66 ft65""""><SPAN class=""""ft63"""">3.</SPAN><SPAN class=""""ft64"""">Muffin jelly donut. Muffin brownie bear claw muffin.</SPAN></P>"
